,"P0Y-fixed-(0, 60]","P0Y-fixed-(60, 90]","P0Y-fixed-(90, 100]","P0Y-variable-(0, 60]","P0Y-variable-(60, 90]","P0Y-variable-(90, 100]","P10Y-fixed-(0, 60]","P10Y-fixed-(60, 90]","P10Y-fixed-(90, 100]","P10Y-variable-(0, 60]","P10Y-variable-(60, 90]","P10Y-variable-(90, 100]","P2Y-fixed-(0, 60]","P2Y-fixed-(60, 90]","P2Y-fixed-(90, 100]","P2Y-variable-(0, 60]","P2Y-variable-(60, 90]","P2Y-variable-(90, 100]","P3Y-fixed-(0, 60]","P3Y-fixed-(60, 90]","P3Y-fixed-(90, 100]","P3Y-variable-(0, 60]","P3Y-variable-(60, 90]","P3Y-variable-(90, 100]","P5Y-fixed-(0, 60]","P5Y-fixed-(60, 90]","P5Y-fixed-(90, 100]","P5Y-variable-(0, 60]","P5Y-variable-(60, 90]","P5Y-variable-(90, 100]",Req_per_user,Total,Total_conversions,date,weekday
0,10.0,4.0,1.0,1.0,1.0,0.0,25.0,21.0,4.0,1.0,2.0,0.0,359.0,317.0,24.0,29.0,9.0,1.0,56.0,37.0,3.0,7.0,1.0,0.0,105.0,81.0,10.0,7.0,2.0,0.0,1.8695652173913044,1118.0,95.0,2019-08-02,4.0
0,7.0,5.0,0.0,7.0,0.0,0.0,23.0,13.0,0.0,3.0,0.0,0.0,289.0,255.0,19.0,26.0,16.0,1.0,20.0,32.0,1.0,4.0,0.0,1.0,81.0,61.0,5.0,8.0,1.0,0.0,1.742063492063492,878.0,77.0,2019-08-03,5.0
0,12.0,5.0,0.0,0.0,0.0,0.0,33.0,19.0,0.0,0.0,1.0,0.0,267.0,302.0,27.0,11.0,9.0,1.0,39.0,36.0,3.0,2.0,0.0,0.0,92.0,69.0,4.0,1.0,0.0,0.0,1.8734939759036144,933.0,76.0,2019-08-04,6.0
0,46.0,19.0,1.0,2.0,0.0,0.0,102.0,58.0,2.0,10.0,2.0,0.0,1666.0,1012.0,102.0,114.0,30.0,1.0,185.0,122.0,10.0,18.0,0.0,0.0,417.0,307.0,21.0,15.0,13.0,0.0,1.6524932354078083,4275.0,281.0,2019-08-05,0.0
0,19.0,4.0,0.0,4.0,2.0,0.0,50.0,25.0,1.0,3.0,5.0,0.0,580.0,448.0,68.0,36.0,32.0,1.0,63.0,47.0,6.0,2.0,1.0,0.0,174.0,145.0,13.0,4.0,5.0,0.0,1.8179916317991631,1738.0,144.0,2019-08-06,1.0
0,20.0,1.0,0.0,1.0,1.0,0.0,19.0,22.0,0.0,1.0,0.0,0.0,429.0,397.0,42.0,33.0,17.0,1.0,46.0,45.0,4.0,4.0,1.0,1.0,116.0,102.0,9.0,2.0,4.0,0.0,1.7691275167785234,1318.0,101.0,2019-08-07,2.0
0,86.0,18.0,5.0,10.0,2.0,0.0,258.0,258.0,22.0,13.0,11.0,1.0,1332.0,1159.0,154.0,103.0,55.0,16.0,179.0,173.0,13.0,15.0,3.0,0.0,554.0,493.0,52.0,48.0,14.0,3.0,1.8545721630554535,5050.0,327.0,2019-08-08,3.0
0,35.0,6.0,1.0,4.0,2.0,0.0,85.0,62.0,6.0,6.0,9.0,0.0,516.0,444.0,56.0,53.0,23.0,1.0,79.0,81.0,10.0,5.0,1.0,0.0,226.0,170.0,19.0,14.0,6.0,1.0,1.919080919080919,1921.0,159.0,2019-08-09,4.0
0,24.0,9.0,0.0,1.0,0.0,0.0,45.0,32.0,3.0,1.0,2.0,0.0,358.0,324.0,46.0,33.0,32.0,2.0,47.0,41.0,2.0,2.0,1.0,2.0,119.0,105.0,0.0,5.0,7.0,1.0,1.94375,1244.0,81.0,2019-08-10,5.0
0,20.0,8.0,0.0,0.0,0.0,0.0,45.0,39.0,1.0,1.0,4.0,0.0,419.0,418.0,48.0,28.0,16.0,2.0,57.0,41.0,1.0,2.0,0.0,1.0,160.0,120.0,8.0,5.0,0.0,0.0,1.7893432465923171,1444.0,116.0,2019-08-11,6.0
0,11.0,5.0,3.0,0.0,1.0,0.0,48.0,35.0,3.0,3.0,2.0,0.0,416.0,451.0,27.0,41.0,23.0,2.0,61.0,80.0,9.0,4.0,2.0,0.0,151.0,177.0,9.0,2.0,10.0,1.0,1.8422897196261683,1577.0,159.0,2019-08-12,0.0
0,40.0,13.0,2.0,2.0,0.0,0.0,104.0,63.0,3.0,6.0,1.0,0.0,1043.0,803.0,84.0,68.0,38.0,5.0,126.0,115.0,9.0,3.0,2.0,0.0,334.0,274.0,22.0,12.0,5.0,0.0,1.756218905472637,3177.0,234.0,2019-08-13,1.0
0,15.0,2.0,0.0,1.0,0.0,0.0,31.0,25.0,2.0,3.0,1.0,0.0,344.0,333.0,41.0,26.0,20.0,2.0,40.0,51.0,3.0,4.0,4.0,0.0,103.0,113.0,9.0,3.0,4.0,0.0,1.8700475435816164,1180.0,78.0,2019-08-14,2.0
0,20.0,8.0,0.0,5.0,0.0,0.0,23.0,44.0,3.0,1.0,0.0,0.0,402.0,347.0,35.0,39.0,16.0,0.0,48.0,38.0,4.0,4.0,1.0,0.0,149.0,133.0,15.0,9.0,3.0,0.0,1.8008021390374331,1347.0,109.0,2019-08-15,3.0
0,8.0,1.0,0.0,0.0,0.0,0.0,24.0,21.0,0.0,1.0,1.0,0.0,206.0,239.0,34.0,14.0,11.0,6.0,25.0,30.0,1.0,0.0,0.0,0.0,75.0,68.0,7.0,1.0,1.0,0.0,1.7123893805309736,774.0,81.0,2019-08-16,4.0
0,6.0,4.0,0.0,0.0,0.0,0.0,24.0,13.0,0.0,2.0,1.0,0.0,244.0,208.0,24.0,32.0,8.0,0.0,35.0,30.0,2.0,1.0,1.0,0.0,75.0,64.0,1.0,4.0,4.0,0.0,1.7635135135135136,783.0,87.0,2019-08-18,6.0
0,11.0,4.0,0.0,1.0,0.0,0.0,35.0,27.0,2.0,6.0,0.0,0.0,449.0,442.0,39.0,23.0,20.0,4.0,49.0,60.0,4.0,7.0,2.0,0.0,145.0,131.0,11.0,4.0,2.0,0.0,1.689142857142857,1478.0,121.0,2019-08-19,0.0
0,121.0,34.0,3.0,10.0,0.0,0.0,305.0,212.0,24.0,20.0,10.0,0.0,1242.0,997.0,156.0,94.0,40.0,8.0,164.0,157.0,12.0,11.0,1.0,0.0,561.0,472.0,43.0,42.0,8.0,1.0,1.8811410459587956,4748.0,279.0,2019-08-20,1.0
0,21.0,13.0,3.0,1.0,0.0,0.0,86.0,47.0,2.0,6.0,3.0,0.0,540.0,508.0,55.0,48.0,11.0,2.0,77.0,60.0,7.0,4.0,1.0,0.0,217.0,182.0,29.0,16.0,2.0,0.0,1.8574162679425836,1941.0,137.0,2019-08-21,2.0
0,17.0,4.0,0.0,3.0,1.0,0.0,34.0,21.0,1.0,1.0,2.0,0.0,415.0,369.0,51.0,30.0,14.0,0.0,51.0,37.0,2.0,4.0,3.0,0.0,162.0,133.0,19.0,6.0,6.0,0.0,1.8430851063829787,1386.0,118.0,2019-08-22,3.0
0,10.0,3.0,0.0,2.0,0.0,0.0,34.0,11.0,0.0,1.0,0.0,0.0,285.0,243.0,30.0,24.0,8.0,1.0,36.0,23.0,6.0,3.0,0.0,0.0,110.0,75.0,4.0,2.0,2.0,0.0,1.6813996316758748,913.0,57.0,2019-08-23,4.0
0,15.0,6.0,0.0,0.0,0.0,0.0,22.0,11.0,4.0,2.0,2.0,0.0,265.0,234.0,21.0,17.0,12.0,4.0,35.0,23.0,0.0,4.0,0.0,0.0,105.0,69.0,4.0,1.0,3.0,0.0,1.7933194154488519,859.0,59.0,2019-08-24,5.0
0,9.0,5.0,0.0,0.0,0.0,0.0,14.0,16.0,4.0,0.0,0.0,0.0,213.0,186.0,22.0,13.0,8.0,1.0,25.0,33.0,2.0,3.0,2.0,0.0,59.0,69.0,4.0,3.0,1.0,0.0,1.8602150537634408,692.0,58.0,2019-08-25,6.0
0,7.0,3.0,1.0,0.0,1.0,0.0,27.0,26.0,3.0,1.0,2.0,0.0,341.0,318.0,31.0,26.0,14.0,1.0,28.0,30.0,9.0,2.0,3.0,1.0,108.0,94.0,18.0,11.0,3.0,0.0,1.8924914675767919,1109.0,108.0,2019-08-26,0.0
0,5.0,3.0,0.0,0.0,0.0,0.0,23.0,20.0,0.0,2.0,1.0,0.0,320.0,316.0,33.0,26.0,9.0,1.0,39.0,36.0,4.0,5.0,1.0,0.0,101.0,104.0,10.0,2.0,1.0,0.0,1.8061224489795917,1062.0,99.0,2019-08-27,1.0
0,10.0,5.0,0.0,0.0,0.0,0.0,41.0,20.0,0.0,1.0,2.0,0.0,320.0,328.0,31.0,21.0,7.0,0.0,42.0,44.0,3.0,1.0,3.0,0.0,113.0,102.0,6.0,6.0,3.0,0.0,1.9253472222222223,1109.0,99.0,2019-08-28,2.0
0,5.0,2.0,1.0,0.0,0.0,0.0,23.0,13.0,0.0,2.0,0.0,0.0,271.0,255.0,22.0,14.0,5.0,0.0,34.0,38.0,0.0,9.0,0.0,0.0,74.0,94.0,6.0,7.0,2.0,0.0,1.8232848232848233,877.0,69.0,2019-08-29,3.0
0,11.0,2.0,0.0,2.0,0.0,0.0,29.0,22.0,1.0,6.0,0.0,0.0,276.0,306.0,30.0,21.0,7.0,0.0,47.0,34.0,1.0,1.0,0.0,0.0,90.0,67.0,11.0,3.0,0.0,0.0,1.831439393939394,967.0,105.0,2019-08-30,4.0
0,14.0,4.0,0.0,2.0,1.0,0.0,42.0,28.0,2.0,7.0,1.0,0.0,348.0,292.0,32.0,25.0,18.0,2.0,40.0,39.0,7.0,0.0,2.0,0.0,121.0,106.0,12.0,5.0,3.0,0.0,1.6930983847283407,1153.0,89.0,2019-08-31,5.0
0,17.0,8.0,1.0,1.0,0.0,0.0,38.0,19.0,1.0,0.0,1.0,0.0,354.0,317.0,36.0,13.0,9.0,6.0,33.0,49.0,2.0,0.0,2.0,0.0,130.0,122.0,16.0,5.0,6.0,2.0,1.719247467438495,1188.0,92.0,2019-09-01,6.0
0,17.0,4.0,0.0,2.0,1.0,0.0,24.0,17.0,0.0,2.0,2.0,0.0,425.0,320.0,43.0,21.0,11.0,0.0,38.0,29.0,3.0,2.0,0.0,0.0,150.0,96.0,6.0,9.0,4.0,0.0,1.7742402315484804,1226.0,119.0,2019-09-02,0.0
0,11.0,2.0,0.0,1.0,0.0,0.0,25.0,21.0,1.0,0.0,0.0,0.0,327.0,330.0,42.0,11.0,10.0,2.0,30.0,36.0,2.0,2.0,0.0,0.0,89.0,95.0,9.0,3.0,4.0,0.0,1.7347611202635915,1053.0,127.0,2019-09-03,1.0
0,64.0,17.0,2.0,2.0,2.0,2.0,121.0,75.0,8.0,6.0,6.0,0.0,1538.0,1027.0,138.0,89.0,48.0,5.0,215.0,161.0,6.0,5.0,5.0,1.0,516.0,333.0,30.0,33.0,17.0,2.0,1.7201076509034987,4474.0,323.0,2019-09-04,2.0
0,27.0,8.0,0.0,0.0,1.0,0.0,44.0,26.0,1.0,4.0,2.0,0.0,521.0,389.0,45.0,26.0,9.0,4.0,64.0,49.0,4.0,4.0,2.0,0.0,163.0,142.0,5.0,9.0,2.0,0.0,1.8225616921269094,1551.0,144.0,2019-09-05,3.0
0,15.0,4.0,2.0,0.0,0.0,0.0,40.0,22.0,2.0,0.0,0.0,0.0,377.0,345.0,40.0,23.0,19.0,3.0,49.0,33.0,1.0,3.0,0.0,0.0,121.0,115.0,10.0,1.0,0.0,0.0,1.8121301775147929,1225.0,119.0,2019-09-06,4.0
0,13.0,2.0,2.0,0.0,0.0,0.0,29.0,19.0,1.0,2.0,0.0,0.0,322.0,314.0,41.0,15.0,12.0,2.0,30.0,37.0,7.0,2.0,1.0,2.0,124.0,96.0,12.0,5.0,4.0,1.0,1.8280467445742905,1095.0,81.0,2019-09-07,5.0
0,16.0,3.0,1.0,0.0,0.0,0.0,31.0,41.0,0.0,2.0,0.0,0.0,307.0,300.0,55.0,19.0,6.0,0.0,33.0,45.0,4.0,0.0,0.0,0.0,98.0,105.0,2.0,0.0,1.0,0.0,1.7846410684474123,1069.0,78.0,2019-09-08,6.0
0,10.0,5.0,1.0,2.0,0.0,0.0,36.0,14.0,1.0,3.0,0.0,0.0,319.0,294.0,27.0,24.0,7.0,1.0,39.0,40.0,2.0,0.0,0.0,0.0,110.0,114.0,2.0,7.0,1.0,0.0,1.7858347386172007,1059.0,100.0,2019-09-09,0.0
0,11.0,5.0,0.0,0.0,0.0,0.0,24.0,21.0,0.0,2.0,1.0,0.0,341.0,260.0,41.0,15.0,14.0,0.0,46.0,42.0,2.0,1.0,0.0,0.0,120.0,98.0,9.0,3.0,0.0,0.0,1.7397034596375618,1056.0,98.0,2019-09-10,1.0
0,12.0,5.0,0.0,0.0,0.0,0.0,20.0,24.0,7.0,2.0,0.0,0.0,298.0,319.0,37.0,11.0,4.0,0.0,39.0,43.0,3.0,1.0,0.0,0.0,98.0,94.0,10.0,2.0,0.0,0.0,1.7411167512690355,1029.0,110.0,2019-09-11,2.0
0,8.0,1.0,1.0,0.0,0.0,0.0,24.0,15.0,1.0,0.0,0.0,0.0,307.0,268.0,29.0,10.0,11.0,1.0,27.0,32.0,5.0,1.0,1.0,0.0,92.0,93.0,8.0,3.0,1.0,0.0,1.7229357798165137,939.0,91.0,2019-09-12,3.0
0,19.0,3.0,1.0,0.0,0.0,0.0,19.0,31.0,2.0,1.0,0.0,0.0,280.0,268.0,35.0,8.0,20.0,1.0,40.0,36.0,1.0,2.0,0.0,0.0,105.0,79.0,4.0,0.0,3.0,0.0,1.7740740740740741,958.0,99.0,2019-09-13,4.0
0,9.0,0.0,1.0,0.0,0.0,0.0,34.0,15.0,2.0,3.0,0.0,0.0,290.0,268.0,29.0,16.0,7.0,1.0,39.0,44.0,2.0,1.0,0.0,0.0,117.0,79.0,6.0,3.0,1.0,0.0,1.8454198473282444,967.0,67.0,2019-09-14,5.0
0,15.0,4.0,2.0,0.0,0.0,0.0,31.0,21.0,0.0,1.0,3.0,1.0,317.0,350.0,50.0,15.0,10.0,0.0,45.0,41.0,2.0,0.0,2.0,1.0,129.0,99.0,17.0,3.0,1.0,0.0,1.8325434439178514,1160.0,111.0,2019-09-16,0.0
0,17.0,3.0,1.0,0.0,0.0,0.0,49.0,36.0,3.0,0.0,0.0,0.0,345.0,323.0,45.0,10.0,17.0,0.0,35.0,43.0,10.0,1.0,0.0,0.0,141.0,135.0,7.0,5.0,0.0,0.0,1.8055964653902798,1226.0,108.0,2019-09-17,1.0
0,60.0,19.0,0.0,3.0,0.0,1.0,111.0,66.0,6.0,5.0,3.0,0.0,1248.0,1002.0,127.0,78.0,41.0,8.0,151.0,144.0,13.0,7.0,1.0,2.0,396.0,319.0,40.0,11.0,2.0,0.0,1.7452574525745257,3864.0,246.0,2019-09-18,2.0
0,18.0,9.0,0.0,1.0,0.0,0.0,41.0,42.0,4.0,2.0,0.0,0.0,439.0,325.0,44.0,39.0,6.0,0.0,57.0,41.0,10.0,2.0,1.0,0.0,160.0,132.0,15.0,4.0,1.0,0.0,1.9030054644808743,1393.0,107.0,2019-09-19,3.0
0,19.0,10.0,1.0,1.0,0.0,0.0,37.0,34.0,1.0,3.0,0.0,0.0,361.0,360.0,46.0,21.0,11.0,0.0,59.0,44.0,2.0,2.0,4.0,0.0,122.0,116.0,6.0,3.0,4.0,0.0,1.7572815533980584,1267.0,115.0,2019-09-20,4.0
0,18.0,5.0,2.0,3.0,0.0,0.0,35.0,21.0,3.0,2.0,1.0,0.0,359.0,303.0,32.0,28.0,16.0,6.0,46.0,44.0,0.0,3.0,4.0,0.0,144.0,87.0,19.0,7.0,2.0,0.0,1.8799368088467614,1190.0,97.0,2019-09-21,5.0
0,12.0,6.0,0.0,0.0,1.0,0.0,31.0,9.0,0.0,1.0,2.0,0.0,324.0,293.0,40.0,12.0,15.0,0.0,32.0,38.0,3.0,1.0,0.0,0.0,110.0,80.0,5.0,1.0,3.0,0.0,1.684297520661157,1019.0,78.0,2019-09-22,6.0
0,14.0,4.0,0.0,1.0,0.0,0.0,35.0,29.0,3.0,3.0,0.0,0.0,510.0,464.0,59.0,32.0,18.0,1.0,54.0,50.0,3.0,0.0,0.0,0.0,145.0,154.0,14.0,2.0,1.0,1.0,1.6989361702127659,1597.0,154.0,2019-09-23,0.0
0,27.0,4.0,0.0,2.0,0.0,0.0,28.0,19.0,0.0,0.0,0.0,0.0,423.0,386.0,55.0,21.0,14.0,1.0,49.0,47.0,10.0,4.0,1.0,0.0,174.0,109.0,17.0,7.0,3.0,0.0,1.8337696335078535,1401.0,136.0,2019-09-24,1.0
0,19.0,5.0,0.0,0.0,0.0,0.0,70.0,30.0,2.0,3.0,0.0,0.0,467.0,479.0,50.0,25.0,18.0,1.0,80.0,74.0,3.0,2.0,3.0,1.0,187.0,180.0,28.0,3.0,1.0,0.0,1.867313915857605,1731.0,136.0,2019-09-25,2.0
0,7.0,6.0,0.0,1.0,0.0,0.0,26.0,19.0,2.0,0.0,1.0,1.0,307.0,280.0,50.0,18.0,4.0,2.0,43.0,28.0,4.0,7.0,0.0,0.0,92.0,86.0,9.0,4.0,4.0,0.0,1.731833910034602,1001.0,83.0,2019-09-26,3.0
0,7.0,5.0,1.0,0.0,0.0,0.0,27.0,20.0,1.0,1.0,0.0,0.0,292.0,258.0,34.0,16.0,13.0,0.0,29.0,46.0,6.0,3.0,2.0,0.0,109.0,121.0,15.0,4.0,0.0,0.0,1.8397085610200363,1010.0,65.0,2019-09-27,4.0
0,10.0,5.0,1.0,0.0,0.0,0.0,47.0,20.0,4.0,3.0,0.0,0.0,329.0,242.0,28.0,19.0,4.0,1.0,42.0,33.0,6.0,1.0,1.0,0.0,96.0,107.0,12.0,1.0,4.0,0.0,1.8745387453874538,1016.0,74.0,2019-09-28,5.0
0,13.0,4.0,0.0,0.0,0.0,0.0,22.0,22.0,1.0,0.0,2.0,0.0,287.0,251.0,46.0,16.0,11.0,1.0,38.0,39.0,4.0,2.0,6.0,0.0,114.0,84.0,10.0,2.0,0.0,0.0,1.8055555555555556,975.0,76.0,2019-09-29,6.0
0,8.0,3.0,0.0,0.0,0.0,0.0,33.0,10.0,6.0,1.0,1.0,0.0,336.0,360.0,43.0,21.0,12.0,6.0,47.0,40.0,3.0,1.0,2.0,0.0,100.0,88.0,7.0,3.0,1.0,0.0,1.8557377049180328,1132.0,96.0,2019-09-30,0.0
0,11.0,6.0,0.0,1.0,0.0,0.0,36.0,43.0,0.0,1.0,1.0,1.0,342.0,312.0,43.0,17.0,21.0,0.0,39.0,38.0,4.0,4.0,1.0,0.0,136.0,116.0,15.0,5.0,1.0,0.0,1.865625,1194.0,124.0,2019-10-01,1.0
0,16.0,10.0,0.0,0.0,0.0,0.0,30.0,25.0,3.0,1.0,2.0,0.0,359.0,350.0,48.0,19.0,20.0,0.0,64.0,41.0,1.0,1.0,0.0,0.0,123.0,122.0,12.0,0.0,5.0,0.0,1.8411764705882352,1252.0,115.0,2019-10-02,2.0
0,9.0,6.0,1.0,0.0,0.0,0.0,29.0,33.0,2.0,0.0,1.0,1.0,386.0,325.0,50.0,15.0,9.0,0.0,37.0,49.0,9.0,0.0,3.0,0.0,142.0,131.0,12.0,2.0,1.0,0.0,1.7402777777777778,1253.0,93.0,2019-10-03,3.0
0,10.0,11.0,0.0,0.0,1.0,0.0,35.0,27.0,1.0,0.0,1.0,0.0,489.0,475.0,47.0,33.0,16.0,3.0,67.0,50.0,4.0,6.0,2.0,0.0,155.0,170.0,20.0,3.0,1.0,0.0,1.749462365591398,1627.0,118.0,2019-10-04,4.0
0,14.0,10.0,0.0,0.0,0.0,0.0,42.0,28.0,1.0,0.0,2.0,0.0,388.0,301.0,40.0,18.0,4.0,0.0,53.0,47.0,8.0,0.0,1.0,1.0,142.0,141.0,9.0,2.0,3.0,0.0,1.8620178041543027,1255.0,82.0,2019-10-05,5.0
0,16.0,11.0,0.0,4.0,3.0,0.0,28.0,21.0,0.0,2.0,1.0,0.0,459.0,413.0,45.0,32.0,12.0,0.0,58.0,55.0,3.0,1.0,4.0,0.0,141.0,149.0,10.0,13.0,3.0,1.0,1.8989769820971867,1485.0,104.0,2019-10-06,6.0
0,9.0,2.0,0.0,0.0,1.0,0.0,40.0,24.0,1.0,3.0,4.0,1.0,413.0,404.0,50.0,27.0,11.0,1.0,64.0,52.0,3.0,2.0,3.0,0.0,112.0,124.0,9.0,7.0,2.0,0.0,1.8575305291723203,1369.0,102.0,2019-10-07,0.0
0,51.0,28.0,2.0,3.0,1.0,0.0,119.0,94.0,7.0,8.0,1.0,1.0,1405.0,1088.0,115.0,74.0,24.0,1.0,201.0,179.0,17.0,6.0,4.0,0.0,501.0,412.0,34.0,17.0,6.0,1.0,1.9097222222222223,4400.0,319.0,2019-10-08,1.0
0,16.0,12.0,0.0,1.0,1.0,0.0,42.0,28.0,4.0,2.0,2.0,0.0,381.0,340.0,47.0,12.0,17.0,2.0,73.0,54.0,2.0,4.0,0.0,0.0,156.0,108.0,12.0,3.0,0.0,0.0,1.9984848484848485,1319.0,184.0,2019-10-09,2.0
0,7.0,3.0,0.0,0.0,0.0,0.0,36.0,15.0,1.0,2.0,0.0,1.0,261.0,252.0,40.0,24.0,5.0,0.0,34.0,17.0,1.0,4.0,1.0,0.0,85.0,79.0,1.0,3.0,4.0,0.0,1.9002169197396963,876.0,101.0,2019-10-10,3.0
0,10.0,1.0,0.0,0.0,1.0,0.0,20.0,14.0,0.0,0.0,0.0,0.0,184.0,155.0,28.0,13.0,5.0,1.0,25.0,21.0,2.0,0.0,0.0,0.0,70.0,54.0,1.0,1.0,0.0,0.0,1.7363896848137537,606.0,103.0,2019-10-11,4.0
0,2.0,3.0,1.0,0.0,0.0,0.0,10.0,12.0,2.0,0.0,0.0,0.0,101.0,148.0,20.0,10.0,1.0,0.0,14.0,11.0,1.0,2.0,0.0,0.0,34.0,44.0,12.0,0.0,0.0,0.0,1.8212765957446808,428.0,81.0,2019-10-14,0.0
0,3.0,2.0,0.0,1.0,0.0,0.0,17.0,16.0,0.0,2.0,1.0,0.0,255.0,275.0,30.0,14.0,5.0,0.0,38.0,25.0,0.0,1.0,3.0,0.0,121.0,93.0,6.0,1.0,1.0,0.0,1.773879142300195,910.0,105.0,2019-10-15,1.0
0,7.0,2.0,0.0,1.0,0.0,0.0,23.0,24.0,0.0,2.0,1.0,0.0,295.0,374.0,48.0,26.0,10.0,1.0,44.0,45.0,1.0,3.0,3.0,0.0,103.0,120.0,4.0,3.0,1.0,0.0,1.9740484429065743,1141.0,122.0,2019-10-16,2.0
0,6.0,4.0,1.0,1.0,2.0,0.0,24.0,20.0,1.0,3.0,1.0,0.0,344.0,307.0,40.0,19.0,3.0,0.0,43.0,34.0,15.0,2.0,0.0,0.0,100.0,124.0,21.0,3.0,3.0,1.0,1.76138147566719,1122.0,130.0,2019-10-17,3.0
0,8.0,4.0,0.0,5.0,0.0,0.0,21.0,22.0,0.0,3.0,1.0,0.0,310.0,290.0,25.0,15.0,10.0,1.0,34.0,39.0,1.0,4.0,1.0,0.0,119.0,92.0,7.0,6.0,2.0,1.0,1.7633851468048358,1021.0,98.0,2019-10-18,4.0
0,13.0,5.0,0.0,0.0,0.0,0.0,25.0,26.0,0.0,2.0,0.0,0.0,321.0,302.0,41.0,13.0,12.0,0.0,42.0,41.0,4.0,3.0,1.0,0.0,132.0,95.0,9.0,1.0,0.0,0.0,1.7953795379537953,1088.0,95.0,2019-10-19,5.0
0,26.0,4.0,1.0,0.0,0.0,0.0,43.0,18.0,0.0,0.0,0.0,0.0,379.0,342.0,28.0,12.0,4.0,2.0,47.0,54.0,5.0,7.0,2.0,0.0,149.0,104.0,15.0,2.0,0.0,0.0,1.8791540785498488,1244.0,84.0,2019-10-20,6.0
0,11.0,10.0,1.0,2.0,1.0,0.0,27.0,37.0,0.0,1.0,5.0,0.0,388.0,369.0,35.0,21.0,15.0,3.0,59.0,68.0,1.0,1.0,2.0,0.0,140.0,132.0,6.0,4.0,2.0,0.0,1.9048295454545454,1341.0,107.0,2019-10-21,0.0
0,43.0,18.0,1.0,1.0,0.0,0.0,71.0,54.0,3.0,2.0,0.0,0.0,1035.0,1155.0,118.0,31.0,17.0,1.0,120.0,129.0,7.0,7.0,4.0,0.0,386.0,375.0,27.0,3.0,5.0,0.0,1.7615797172111165,3613.0,206.0,2019-10-22,1.0
0,24.0,6.0,1.0,0.0,0.0,0.0,56.0,35.0,4.0,1.0,1.0,1.0,610.0,682.0,67.0,25.0,24.0,0.0,89.0,79.0,9.0,4.0,4.0,0.0,233.0,182.0,16.0,3.0,2.0,0.0,1.7938487115544473,2158.0,133.0,2019-10-23,2.0
0,26.0,16.0,1.0,1.0,0.0,0.0,69.0,43.0,5.0,4.0,0.0,0.0,630.0,698.0,76.0,22.0,18.0,1.0,103.0,107.0,17.0,2.0,2.0,0.0,299.0,277.0,24.0,9.0,2.0,0.0,1.827123695976155,2452.0,159.0,2019-10-24,3.0
0,14.0,4.0,1.0,1.0,1.0,0.0,31.0,21.0,2.0,1.0,0.0,0.0,337.0,305.0,49.0,24.0,14.0,1.0,61.0,62.0,5.0,1.0,1.0,0.0,130.0,130.0,12.0,1.0,1.0,0.0,1.8445121951219512,1210.0,100.0,2019-10-25,4.0
0,20.0,3.0,0.0,0.0,0.0,0.0,44.0,22.0,3.0,1.0,2.0,0.0,317.0,282.0,38.0,18.0,6.0,1.0,39.0,40.0,2.0,1.0,1.0,0.0,116.0,69.0,8.0,0.0,1.0,0.0,1.8204225352112675,1034.0,78.0,2019-10-26,5.0
0,7.0,2.0,0.0,1.0,0.0,0.0,37.0,26.0,2.0,2.0,0.0,0.0,281.0,312.0,21.0,19.0,8.0,2.0,39.0,25.0,5.0,7.0,0.0,0.0,102.0,86.0,14.0,4.0,0.0,0.0,2.004,1002.0,67.0,2019-10-27,6.0
0,15.0,10.0,1.0,0.0,0.0,0.0,38.0,11.0,2.0,2.0,0.0,0.0,313.0,308.0,28.0,24.0,6.0,0.0,57.0,36.0,1.0,2.0,0.0,0.0,120.0,99.0,15.0,4.0,0.0,0.0,1.829145728643216,1092.0,98.0,2019-10-28,0.0
0,14.0,1.0,1.0,1.0,0.0,0.0,40.0,13.0,0.0,1.0,2.0,0.0,357.0,342.0,51.0,13.0,8.0,3.0,46.0,53.0,4.0,3.0,1.0,0.0,132.0,88.0,8.0,3.0,2.0,0.0,1.8634222919937207,1187.0,108.0,2019-10-29,1.0
0,15.0,6.0,0.0,3.0,0.0,0.0,65.0,25.0,2.0,0.0,0.0,0.0,394.0,485.0,44.0,28.0,6.0,0.0,71.0,58.0,5.0,3.0,1.0,0.0,131.0,148.0,9.0,0.0,2.0,0.0,1.9194373401534526,1501.0,112.0,2019-10-30,2.0
0,10.0,5.0,0.0,0.0,0.0,0.0,39.0,26.0,2.0,4.0,1.0,0.0,375.0,350.0,37.0,16.0,9.0,4.0,65.0,35.0,4.0,2.0,1.0,0.0,115.0,115.0,13.0,6.0,2.0,0.0,1.8017492711370262,1236.0,99.0,2019-10-31,3.0
0,16.0,7.0,1.0,0.0,0.0,0.0,53.0,40.0,5.0,3.0,0.0,0.0,416.0,410.0,69.0,35.0,28.0,1.0,60.0,63.0,11.0,0.0,5.0,0.0,161.0,141.0,16.0,2.0,6.0,0.0,1.975765306122449,1549.0,103.0,2019-11-01,4.0
0,15.0,5.0,0.0,1.0,0.0,0.0,30.0,18.0,5.0,0.0,0.0,0.0,408.0,312.0,27.0,16.0,14.0,5.0,47.0,57.0,6.0,3.0,2.0,0.0,156.0,108.0,10.0,3.0,1.0,0.0,1.8725637181409296,1249.0,80.0,2019-11-02,5.0
0,13.0,4.0,1.0,0.0,0.0,0.0,28.0,18.0,2.0,1.0,0.0,0.0,398.0,326.0,37.0,19.0,10.0,0.0,71.0,45.0,3.0,0.0,1.0,0.0,144.0,108.0,6.0,1.0,7.0,1.0,2.0227642276422766,1244.0,82.0,2019-11-03,6.0
0,9.0,5.0,2.0,0.0,0.0,0.0,30.0,45.0,8.0,4.0,0.0,0.0,410.0,427.0,66.0,21.0,13.0,2.0,46.0,73.0,9.0,0.0,3.0,0.0,138.0,133.0,19.0,5.0,2.0,0.0,1.8992248062015504,1470.0,125.0,2019-11-04,0.0
0,14.0,7.0,0.0,3.0,0.0,0.0,29.0,21.0,1.0,1.0,2.0,0.0,372.0,375.0,46.0,21.0,13.0,3.0,48.0,38.0,4.0,1.0,2.0,0.0,139.0,112.0,8.0,0.0,0.0,0.0,1.7524339360222532,1260.0,116.0,2019-11-05,1.0
0,6.0,4.0,0.0,0.0,0.0,0.0,33.0,19.0,0.0,3.0,1.0,0.0,316.0,331.0,41.0,16.0,11.0,0.0,42.0,31.0,4.0,2.0,1.0,0.0,108.0,105.0,4.0,3.0,0.0,0.0,1.9981515711645101,1081.0,95.0,2019-11-06,2.0
0,17.0,3.0,0.0,1.0,0.0,0.0,37.0,17.0,1.0,1.0,1.0,0.0,359.0,261.0,22.0,24.0,5.0,0.0,46.0,33.0,6.0,1.0,0.0,0.0,136.0,93.0,14.0,1.0,1.0,0.0,1.815126050420168,1080.0,93.0,2019-11-07,3.0
0,49.0,18.0,1.0,1.0,0.0,0.0,74.0,67.0,3.0,1.0,0.0,0.0,704.0,584.0,61.0,25.0,14.0,0.0,112.0,108.0,7.0,9.0,1.0,0.0,287.0,298.0,32.0,14.0,2.0,1.0,1.8318518518518518,2473.0,161.0,2019-11-08,4.0
0,22.0,2.0,1.0,1.0,0.0,0.0,41.0,32.0,0.0,0.0,1.0,0.0,434.0,301.0,36.0,24.0,4.0,2.0,56.0,44.0,8.0,3.0,1.0,0.0,179.0,124.0,17.0,8.0,1.0,0.0,1.863888888888889,1342.0,121.0,2019-11-09,5.0
0,14.0,2.0,1.0,0.0,0.0,0.0,42.0,27.0,1.0,3.0,3.0,0.0,347.0,376.0,32.0,21.0,18.0,0.0,35.0,39.0,5.0,1.0,1.0,0.0,144.0,83.0,11.0,2.0,3.0,0.0,1.8775193798449612,1211.0,80.0,2019-11-10,6.0
0,9.0,7.0,0.0,0.0,0.0,0.0,23.0,36.0,1.0,0.0,0.0,0.0,316.0,330.0,36.0,13.0,20.0,0.0,25.0,32.0,1.0,4.0,4.0,0.0,137.0,112.0,5.0,7.0,2.0,0.0,1.8697829716193657,1120.0,89.0,2019-11-11,0.0
0,9.0,3.0,0.0,1.0,0.0,0.0,34.0,38.0,1.0,1.0,0.0,0.0,354.0,354.0,33.0,17.0,11.0,0.0,43.0,61.0,2.0,4.0,1.0,0.0,142.0,103.0,10.0,3.0,4.0,0.0,1.911353032659409,1229.0,85.0,2019-11-12,1.0
0,13.0,9.0,0.0,0.0,2.0,0.0,37.0,26.0,0.0,1.0,0.0,0.0,328.0,346.0,34.0,32.0,18.0,0.0,53.0,54.0,3.0,10.0,6.0,0.0,112.0,132.0,22.0,3.0,4.0,1.0,1.9258114374034003,1246.0,95.0,2019-11-13,2.0
0,11.0,4.0,1.0,0.0,0.0,0.0,26.0,31.0,4.0,0.0,0.0,0.0,331.0,327.0,30.0,14.0,19.0,1.0,38.0,42.0,9.0,0.0,3.0,0.0,93.0,103.0,7.0,0.0,5.0,0.0,1.9590017825311943,1099.0,136.0,2019-11-14,3.0
0,8.0,0.0,2.0,0.0,0.0,0.0,20.0,10.0,4.0,2.0,2.0,0.0,276.0,263.0,14.0,21.0,9.0,0.0,32.0,26.0,1.0,2.0,1.0,0.0,72.0,79.0,8.0,3.0,2.0,0.0,1.8630434782608696,857.0,133.0,2019-11-15,4.0
0,8.0,4.0,0.0,0.0,2.0,0.0,35.0,11.0,0.0,3.0,2.0,0.0,293.0,241.0,28.0,17.0,9.0,0.0,36.0,33.0,0.0,0.0,2.0,0.0,120.0,81.0,1.0,6.0,0.0,0.0,1.9872068230277184,932.0,64.0,2019-11-16,5.0
0,9.0,7.0,0.0,3.0,0.0,0.0,23.0,16.0,1.0,3.0,1.0,0.0,302.0,271.0,19.0,22.0,7.0,0.0,45.0,44.0,2.0,2.0,1.0,0.0,113.0,119.0,12.0,5.0,0.0,0.0,1.9232209737827715,1027.0,81.0,2019-11-17,6.0
0,7.0,2.0,0.0,0.0,0.0,0.0,13.0,16.0,0.0,1.0,0.0,0.0,288.0,258.0,15.0,6.0,8.0,0.0,26.0,34.0,2.0,2.0,0.0,0.0,103.0,117.0,3.0,12.0,0.0,0.0,1.8007889546351086,913.0,69.0,2019-11-18,0.0
0,43.0,16.0,3.0,2.0,1.0,0.0,84.0,56.0,12.0,2.0,1.0,0.0,979.0,773.0,73.0,33.0,25.0,1.0,120.0,79.0,13.0,3.0,0.0,0.0,313.0,262.0,27.0,9.0,4.0,0.0,1.8807692307692307,2934.0,218.0,2019-11-19,1.0
0,25.0,5.0,1.0,1.0,0.0,0.0,69.0,22.0,2.0,1.0,2.0,1.0,510.0,423.0,44.0,36.0,9.0,3.0,73.0,41.0,6.0,4.0,3.0,0.0,180.0,114.0,18.0,5.0,2.0,0.0,2.0202020202020203,1600.0,130.0,2019-11-20,2.0
0,16.0,11.0,0.0,0.0,0.0,0.0,36.0,24.0,1.0,0.0,1.0,0.0,414.0,364.0,44.0,14.0,12.0,1.0,42.0,41.0,6.0,4.0,3.0,0.0,174.0,146.0,13.0,6.0,3.0,0.0,2.0294985250737465,1376.0,114.0,2019-11-21,3.0
0,13.0,2.0,0.0,0.0,1.0,0.0,37.0,13.0,2.0,2.0,1.0,0.0,265.0,213.0,19.0,24.0,14.0,0.0,41.0,37.0,1.0,2.0,0.0,0.0,93.0,80.0,6.0,3.0,1.0,0.0,1.891304347826087,870.0,87.0,2019-11-22,4.0
0,14.0,4.0,0.0,0.0,0.0,0.0,39.0,32.0,6.0,0.0,0.0,0.0,348.0,320.0,51.0,19.0,10.0,3.0,46.0,41.0,6.0,0.0,0.0,0.0,136.0,140.0,16.0,1.0,2.0,1.0,2.089678510998308,1235.0,73.0,2019-11-23,5.0
0,7.0,1.0,0.0,0.0,0.0,0.0,26.0,22.0,2.0,1.0,1.0,0.0,329.0,314.0,36.0,9.0,18.0,1.0,38.0,36.0,6.0,1.0,3.0,0.0,107.0,95.0,14.0,4.0,0.0,0.0,1.8433734939759037,1071.0,71.0,2019-11-24,6.0
0,18.0,4.0,0.0,0.0,0.0,0.0,28.0,23.0,0.0,5.0,3.0,0.0,414.0,368.0,32.0,24.0,12.0,1.0,45.0,51.0,5.0,2.0,0.0,0.0,145.0,104.0,16.0,2.0,3.0,0.0,1.872309899569584,1305.0,128.0,2019-11-25,0.0
0,12.0,4.0,0.0,2.0,0.0,0.0,23.0,22.0,2.0,1.0,0.0,0.0,323.0,307.0,38.0,12.0,9.0,2.0,35.0,44.0,11.0,0.0,1.0,2.0,116.0,129.0,7.0,2.0,0.0,1.0,1.9051724137931034,1105.0,93.0,2019-11-26,1.0
0,16.0,2.0,0.0,1.0,0.0,0.0,53.0,20.0,1.0,3.0,3.0,0.0,500.0,355.0,31.0,37.0,5.0,2.0,51.0,45.0,6.0,4.0,0.0,0.0,139.0,96.0,9.0,2.0,0.0,0.0,1.8218997361477574,1381.0,90.0,2019-11-27,2.0
0,7.0,2.0,0.0,0.0,0.0,0.0,36.0,23.0,0.0,2.0,1.0,0.0,395.0,365.0,36.0,10.0,17.0,0.0,38.0,36.0,1.0,1.0,1.0,1.0,98.0,95.0,5.0,2.0,1.0,0.0,1.853080568720379,1173.0,100.0,2019-11-28,3.0
0,9.0,0.0,1.0,0.0,0.0,0.0,34.0,13.0,1.0,2.0,1.0,0.0,369.0,319.0,32.0,14.0,12.0,0.0,52.0,44.0,3.0,3.0,3.0,0.0,132.0,104.0,8.0,4.0,1.0,0.0,1.8370253164556962,1161.0,74.0,2019-11-29,4.0
0,12.0,3.0,1.0,1.0,0.0,0.0,30.0,31.0,2.0,2.0,0.0,0.0,438.0,300.0,20.0,24.0,9.0,0.0,46.0,32.0,3.0,2.0,0.0,0.0,128.0,99.0,7.0,1.0,1.0,0.0,1.747800586510264,1192.0,62.0,2019-11-30,5.0
0,14.0,0.0,0.0,0.0,0.0,0.0,30.0,21.0,2.0,0.0,3.0,0.0,368.0,322.0,31.0,26.0,6.0,0.0,44.0,30.0,3.0,1.0,2.0,0.0,110.0,83.0,2.0,1.0,3.0,0.0,1.8583473861720068,1102.0,76.0,2019-12-01,6.0
0,11.0,4.0,1.0,1.0,1.0,0.0,27.0,23.0,1.0,3.0,2.0,0.0,361.0,258.0,24.0,17.0,13.0,1.0,60.0,45.0,7.0,1.0,1.0,0.0,114.0,83.0,3.0,6.0,3.0,0.0,1.859375,1071.0,88.0,2019-12-02,0.0
